{"inputUnits":[34],"outputUnits":4,"inputs":{"0":{"dtype":"number","min":770.1525664747807,"max":1043.3133047598378},"1":{"dtype":"number","min":-183.17090962132983,"max":218.2240851627223},"2":{"dtype":"number","min":810.076084545946,"max":1055.1757622136938},"3":{"dtype":"number","min":-136.03397361948709,"max":209.4736972979867},"4":{"dtype":"number","min":770.1391530176352,"max":1035.5786251789411},"5":{"dtype":"number","min":-130.90351067556043,"max":209.4965991639254},"6":{"dtype":"number","min":846.5392531010142,"max":1075.314857230084},"7":{"dtype":"number","min":-148.63475182367813,"max":210.80451831483003},"8":{"dtype":"number","min":700.7711619475664,"max":1017.7843655294377},"9":{"dtype":"number","min":-108.11166744715521,"max":215.1790388378716},"10":{"dtype":"number","min":838.7312944497745,"max":1120.738676193862},"11":{"dtype":"number","min":-122.07901685093813,"max":354.9926145081399},"12":{"dtype":"number","min":690.6058304398148,"max":1008.08964720014},"13":{"dtype":"number","min":-93.87265329937259,"max":327.8122620461744},"14":{"dtype":"number","min":783.1217447916666,"max":1213.480757625944},"15":{"dtype":"number","min":12.86045721399853,"max":492.553086308708},"16":{"dtype":"number","min":677.276746366921,"max":990.5538065949378},"17":{"dtype":"number","min":96.39461881700777,"max":471.9786431682504},"18":{"dtype":"number","min":675.4074846234238,"max":1290.4130783229775},"19":{"dtype":"number","min":23.19712618405822,"max":618.0261004412615},"20":{"dtype":"number","min":583.505002741228,"max":1048.492367393092},"21":{"dtype":"number","min":22.04196268122564,"max":560.4325976752863},"22":{"dtype":"number","min":853.8175705580683,"max":1140.9775393004538},"23":{"dtype":"number","min":-35.849718833759766,"max":597.8988915158991},"24":{"dtype":"number","min":750.530745299936,"max":996.569820054558},"25":{"dtype":"number","min":84.48902390388946,"max":570.7546753167641},"26":{"dtype":"number","min":913.6993916829426,"max":1099.4517210724293},"27":{"dtype":"number","min":159.31647763614762,"max":753.9505046524732},"28":{"dtype":"number","min":772.0347657677722,"max":1012.3846364160727},"29":{"dtype":"number","min":341.06135020711497,"max":754.9880005834627},"30":{"dtype":"number","min":906.2304009331597,"max":1137.7086902640715},"31":{"dtype":"number","min":356.109540020978,"max":883.3275421321043},"32":{"dtype":"number","min":763.1564322131419,"max":1038.4438257050094},"33":{"dtype":"number","min":411.3866211889315,"max":920.4581107870179}},"outputs":{"0":{"dtype":"string","min":0,"max":1,"uniqueValues":["q","w","e","r"],"legend":{"q":[1,0,0,0],"w":[0,1,0,0],"e":[0,0,1,0],"r":[0,0,0,1]}}},"isNormalized":true}